epoch,time,train/box_loss,train/cls_loss,train/dfl_loss,metrics/precision(B),metrics/recall(B),metrics/mAP50(B),metrics/mAP50-95(B),val/box_loss,val/cls_loss,val/dfl_loss,lr/pg0,lr/pg1,lr/pg2
1,292.801,1.72576,4.64697,2.3216,0.18253,0.24863,0.16355,0.06188,1.89697,3.09999,2.91356,0.00332639,0.00332639,0.00332639
2,574.175,1.59129,3.71404,2.19364,0.16426,0.23102,0.11414,0.0406,2.19033,3.87902,3.03978,0.00659379,0.00659379,0.00659379
3,852.932,1.66737,3.32421,2.27407,0.32821,0.23471,0.18761,0.06993,2.23651,3.17684,3.34322,0.00979519,0.00979519,0.00979519
4,1130.24,1.6811,3.03205,2.28597,0.32132,0.26777,0.25213,0.09714,2.02833,2.82348,2.9285,0.009703,0.009703,0.009703
5,1407.82,1.64359,2.81896,2.24222,0.51998,0.34743,0.33454,0.15368,1.95534,2.57714,2.83079,0.009604,0.009604,0.009604
6,1685,1.60635,2.6765,2.19831,0.3434,0.388,0.33765,0.14827,1.94823,2.63575,2.85317,0.009505,0.009505,0.009505
7,1962.84,1.58432,2.55905,2.1695,0.5073,0.42834,0.40644,0.19141,1.85329,2.25738,2.80162,0.009406,0.009406,0.009406
8,2242.06,1.56998,2.48661,2.14353,0.53478,0.46078,0.47841,0.23914,1.83439,2.06622,2.75179,0.009307,0.009307,0.009307
9,2518.9,1.54121,2.36997,2.12443,0.65319,0.47746,0.51028,0.24929,1.80763,2.04412,2.73887,0.009208,0.009208,0.009208
10,2796.97,1.5305,2.32489,2.10278,0.58714,0.48692,0.51363,0.25779,1.74257,1.98781,2.68298,0.009109,0.009109,0.009109
11,3075.38,1.52128,2.25612,2.09796,0.55922,0.51703,0.53821,0.27091,1.80662,1.89236,2.70521,0.00901,0.00901,0.00901
12,3353.48,1.5055,2.20934,2.07904,0.60883,0.53698,0.56475,0.28191,1.76911,1.76005,2.65537,0.008911,0.008911,0.008911
13,3632.28,1.50508,2.14641,2.07612,0.66405,0.50915,0.56075,0.28447,1.80652,1.69488,2.65125,0.008812,0.008812,0.008812
14,3909.02,1.49812,2.11286,2.06212,0.65453,0.55535,0.59103,0.30347,1.77697,1.66648,2.61756,0.008713,0.008713,0.008713
15,4185.26,1.48246,2.08166,2.04686,0.69091,0.52708,0.58904,0.30483,1.72823,1.67298,2.60689,0.008614,0.008614,0.008614
16,4460.45,1.47403,2.02582,2.03383,0.64416,0.52356,0.57505,0.30219,1.73075,1.71063,2.63044,0.008515,0.008515,0.008515
17,4735.99,1.4637,2.01176,2.03521,0.74918,0.58029,0.63788,0.33239,1.72094,1.55672,2.58338,0.008416,0.008416,0.008416
18,5012.03,1.45727,1.98019,2.02257,0.71087,0.58944,0.63893,0.33947,1.69663,1.53508,2.58002,0.008317,0.008317,0.008317
19,5287.66,1.44695,1.94937,2.01745,0.72267,0.59843,0.65797,0.35106,1.69236,1.49204,2.54486,0.008218,0.008218,0.008218
20,5564.06,1.43947,1.88751,2.00644,0.74666,0.62439,0.67619,0.36782,1.66463,1.44315,2.52806,0.008119,0.008119,0.008119
21,5839.47,1.44104,1.88879,2.00421,0.72166,0.6201,0.66474,0.35622,1.68945,1.44224,2.55955,0.00802,0.00802,0.00802
22,6115.83,1.42839,1.86036,1.99554,0.74636,0.62853,0.67287,0.36072,1.6902,1.4405,2.53691,0.007921,0.007921,0.007921
23,6392.35,1.42314,1.83848,1.99169,0.74507,0.63604,0.68089,0.3711,1.67534,1.388,2.52763,0.007822,0.007822,0.007822
24,6668.17,1.40995,1.80592,1.97576,0.76217,0.62444,0.69206,0.37917,1.64406,1.37214,2.50352,0.007723,0.007723,0.007723
25,6944.59,1.41476,1.78579,1.97005,0.76356,0.64457,0.7023,0.37932,1.65835,1.36567,2.53336,0.007624,0.007624,0.007624
26,7222.9,1.40481,1.75904,1.96305,0.76126,0.65313,0.69725,0.37932,1.65282,1.36409,2.51727,0.007525,0.007525,0.007525
27,7506.54,1.40178,1.74531,1.96685,0.74533,0.66222,0.7039,0.38993,1.61553,1.29998,2.48435,0.007426,0.007426,0.007426
28,7790.43,1.40607,1.72802,1.96322,0.75868,0.6529,0.70138,0.3861,1.64884,1.34774,2.50041,0.007327,0.007327,0.007327
29,8074.39,1.37796,1.69187,1.9414,0.74415,0.64209,0.69206,0.38645,1.62428,1.35367,2.47311,0.007228,0.007228,0.007228
30,8358.25,1.39064,1.70073,1.9485,0.75112,0.67096,0.7065,0.39575,1.61485,1.31839,2.48301,0.007129,0.007129,0.007129
31,8640.61,1.37637,1.68726,1.94347,0.81051,0.65664,0.72693,0.40374,1.62712,1.2677,2.47746,0.00703,0.00703,0.00703
32,8922.87,1.37833,1.64497,1.93462,0.78251,0.67509,0.7189,0.40436,1.60856,1.26331,2.47467,0.006931,0.006931,0.006931
33,9206.1,1.37591,1.65619,1.93543,0.7924,0.66847,0.7191,0.40867,1.60713,1.25907,2.47292,0.006832,0.006832,0.006832
34,9486.72,1.36325,1.62484,1.92843,0.7879,0.68322,0.72443,0.40972,1.6153,1.23805,2.47885,0.006733,0.006733,0.006733
35,9769.99,1.35423,1.58613,1.91689,0.79923,0.68974,0.73581,0.41845,1.59134,1.2163,2.44622,0.006634,0.006634,0.006634
36,10055.1,1.35745,1.60874,1.91767,0.79299,0.68464,0.74092,0.41474,1.60449,1.21024,2.46648,0.006535,0.006535,0.006535
37,10339,1.35372,1.58012,1.91727,0.7572,0.69051,0.72567,0.41063,1.59324,1.21373,2.45026,0.006436,0.006436,0.006436
38,10621.5,1.34449,1.56104,1.90804,0.8037,0.68873,0.7448,0.41621,1.61201,1.19686,2.47391,0.006337,0.006337,0.006337
39,10905.8,1.34417,1.55783,1.90418,0.79762,0.69006,0.74515,0.42008,1.60031,1.18041,2.4686,0.006238,0.006238,0.006238
40,11188.9,1.3367,1.53182,1.89151,0.81062,0.69371,0.748,0.42654,1.59648,1.16003,2.45006,0.006139,0.006139,0.006139
41,11475.4,1.33602,1.52846,1.89864,0.78246,0.70833,0.74658,0.4279,1.59628,1.18673,2.44108,0.00604,0.00604,0.00604
42,11759,1.32445,1.51314,1.88639,0.7787,0.71075,0.74501,0.42268,1.5895,1.18178,2.45974,0.005941,0.005941,0.005941
43,12045.1,1.32659,1.49543,1.88457,0.82548,0.66867,0.73481,0.42167,1.57733,1.18751,2.43863,0.005842,0.005842,0.005842
44,12331.2,1.32207,1.4806,1.87529,0.82323,0.68929,0.74692,0.42811,1.57913,1.16979,2.43476,0.005743,0.005743,0.005743
45,12620.4,1.31425,1.47382,1.8746,0.80572,0.68263,0.74417,0.43019,1.57499,1.1849,2.44351,0.005644,0.005644,0.005644
46,12906.9,1.30184,1.4682,1.86319,0.83048,0.6918,0.74554,0.43296,1.58214,1.1644,2.44781,0.005545,0.005545,0.005545
47,13191.6,1.30584,1.45403,1.86368,0.82222,0.69545,0.74766,0.43496,1.5754,1.13862,2.44207,0.005446,0.005446,0.005446
48,13477.4,1.30559,1.44819,1.85794,0.82036,0.69488,0.75168,0.42614,1.57353,1.14097,2.42822,0.005347,0.005347,0.005347
49,13762.2,1.28746,1.42927,1.85063,0.80958,0.69115,0.74927,0.43165,1.57664,1.15417,2.44194,0.005248,0.005248,0.005248
50,14050.8,1.29128,1.43967,1.85541,0.81619,0.68693,0.74699,0.42922,1.58838,1.1351,2.45888,0.005149,0.005149,0.005149
51,14335.5,1.28759,1.41515,1.84756,0.82282,0.70118,0.75172,0.42896,1.59653,1.14264,2.4668,0.00505,0.00505,0.00505
52,14620.9,1.28537,1.4052,1.84346,0.79152,0.71112,0.75183,0.43452,1.59184,1.1239,2.46049,0.004951,0.004951,0.004951
53,14906.7,1.27632,1.37154,1.83275,0.84966,0.68548,0.75266,0.43709,1.58714,1.13424,2.4493,0.004852,0.004852,0.004852
54,15191.3,1.27204,1.37004,1.82584,0.81865,0.68889,0.75235,0.43727,1.57288,1.13181,2.43348,0.004753,0.004753,0.004753
55,15473.9,1.26424,1.35302,1.82496,0.8311,0.6919,0.75729,0.44161,1.57323,1.12216,2.43349,0.004654,0.004654,0.004654
56,15759.1,1.25639,1.3484,1.82379,0.83028,0.69732,0.75679,0.44001,1.57899,1.1265,2.45139,0.004555,0.004555,0.004555
57,16046.2,1.2491,1.34557,1.81738,0.84972,0.69113,0.76179,0.44338,1.57753,1.12745,2.44705,0.004456,0.004456,0.004456
58,16332.1,1.25134,1.32432,1.80737,0.83755,0.70272,0.76249,0.44495,1.57784,1.11819,2.45417,0.004357,0.004357,0.004357
59,16618.1,1.24553,1.31086,1.81001,0.84308,0.7059,0.76092,0.44189,1.58495,1.12646,2.46284,0.004258,0.004258,0.004258
60,16903.7,1.23978,1.32936,1.80493,0.83852,0.70394,0.76026,0.44625,1.58362,1.11544,2.46142,0.004159,0.004159,0.004159
61,17189.8,1.23914,1.3091,1.79825,0.84825,0.70019,0.76189,0.44197,1.58736,1.10424,2.46656,0.00406,0.00406,0.00406
62,17478.1,1.23054,1.2778,1.78811,0.82649,0.71205,0.76084,0.44229,1.58123,1.11644,2.45879,0.003961,0.003961,0.003961
63,17765.9,1.22481,1.28336,1.78359,0.8224,0.70935,0.75835,0.44182,1.57847,1.12642,2.45246,0.003862,0.003862,0.003862
64,18053.3,1.22936,1.26668,1.78428,0.84392,0.71049,0.7641,0.44262,1.58227,1.1243,2.46297,0.003763,0.003763,0.003763
65,18345.1,1.22339,1.28448,1.78326,0.83941,0.71037,0.76504,0.44353,1.58095,1.12473,2.46867,0.003664,0.003664,0.003664
66,18634.2,1.21965,1.26262,1.77801,0.81902,0.72297,0.76472,0.44265,1.5817,1.12379,2.47207,0.003565,0.003565,0.003565
67,18919.7,1.21165,1.24703,1.77155,0.87006,0.70303,0.76618,0.44446,1.58385,1.13157,2.47419,0.003466,0.003466,0.003466
68,19200.5,1.21028,1.24928,1.76686,0.84703,0.71184,0.76505,0.44234,1.58415,1.11524,2.47579,0.003367,0.003367,0.003367
69,19481,1.19913,1.23515,1.76006,0.8459,0.70572,0.76096,0.44018,1.5829,1.13417,2.47799,0.003268,0.003268,0.003268
70,19760.4,1.1908,1.22827,1.75578,0.84234,0.7085,0.75984,0.44179,1.59016,1.126,2.48719,0.003169,0.003169,0.003169
71,20040.6,1.1896,1.22191,1.75618,0.83813,0.70309,0.75806,0.44074,1.58895,1.13494,2.48958,0.00307,0.00307,0.00307
72,20320.3,1.18005,1.21109,1.74978,0.8257,0.71241,0.75765,0.44207,1.59435,1.12982,2.49945,0.002971,0.002971,0.002971
73,20613.7,1.17451,1.18823,1.73424,0.82753,0.70393,0.75758,0.44117,1.59257,1.13235,2.5018,0.002872,0.002872,0.002872
74,20902.1,1.17353,1.18607,1.73441,0.85123,0.69293,0.75743,0.43985,1.59386,1.13342,2.50679,0.002773,0.002773,0.002773
75,21192,1.17347,1.18621,1.73339,0.85027,0.69479,0.75841,0.43993,1.59453,1.14047,2.51129,0.002674,0.002674,0.002674
76,21479.2,1.15577,1.15619,1.72013,0.84209,0.70144,0.75852,0.43886,1.59539,1.14168,2.51454,0.002575,0.002575,0.002575
77,21765.8,1.16073,1.16841,1.72274,0.83769,0.70053,0.75773,0.43889,1.59393,1.14772,2.51079,0.002476,0.002476,0.002476
78,22044.1,1.15327,1.15514,1.71354,0.81029,0.71513,0.75546,0.43948,1.5983,1.15274,2.51834,0.002377,0.002377,0.002377
79,22321.5,1.14007,1.13587,1.70191,0.82004,0.70654,0.75506,0.43921,1.60081,1.15399,2.52527,0.002278,0.002278,0.002278
80,22603.7,1.14805,1.14685,1.71148,0.82681,0.70623,0.75812,0.43883,1.60399,1.15054,2.5324,0.002179,0.002179,0.002179
81,22882.5,1.14194,1.13905,1.70507,0.81788,0.70743,0.75582,0.43779,1.60319,1.15386,2.53262,0.00208,0.00208,0.00208
82,23159,1.14096,1.13312,1.70054,0.83558,0.70338,0.75639,0.43832,1.60395,1.15477,2.53675,0.001981,0.001981,0.001981
83,23435.5,1.12724,1.12593,1.68952,0.83808,0.69944,0.75535,0.43783,1.60639,1.15803,2.54241,0.001882,0.001882,0.001882
84,23711.6,1.12433,1.11133,1.68596,0.83709,0.70251,0.7552,0.43856,1.60989,1.1639,2.54795,0.001783,0.001783,0.001783
85,23987.5,1.10951,1.10326,1.67487,0.84547,0.69797,0.75423,0.43824,1.60922,1.16331,2.551,0.001684,0.001684,0.001684
