"crop","pest","pest_species","plant_stage","symptom_leaf_damage","symptom_yellowing","symptom_curling","symptom_spots","symptom_holes","symptom_wilting","pest_density","affected_area_percent","severity","economic_threshold","temperature","humidity","season","intervention","recommendation_class","active_ingredient","formulation","dose","application_method","symptom_text","evidence_type","source","source_date"
"Rice","Caterpillars","Scirpophaga incertulas","","1","0","0","0","0","1","","","","25% dead hearts; 2 egg masses/m2","","","","IPM / validated crop-specific control","stem_borer_management","Cartap hydrochloride","4G","1.0 kg a.i./ha","Granular application","Dead heart symptoms in vegetative stage and white ear symptoms during reproductive stage.","official agricultural extension","TNAU crop protection - rice stem borer",""
"Tomato","Caterpillars","Helicoverpa armigera","","1","0","0","0","1","0","","","","","","","","IPM / validated crop-specific control","fruit_borer_management","Profenophos","50 EC","2 ml/L","Foliar spray","Feeding damage on foliage and circular holes in fruits.","official agricultural extension","TNAU crop protection - tomato fruit borer",""
"Brinjal","Caterpillars","Leucinodes orbonalis","","1","0","0","0","1","1","","","","","","","","IPM / validated crop-specific control","shoot_fruit_borer_management","Emamectin benzoate","5% SG","4 g/10 L","Foliar spray","Terminal shoot withering, bore holes in shoots and fruits, and flower-bud shedding.","official agricultural extension","TNAU crop protection - brinjal shoot and fruit borer",""
"Okra","Caterpillars","Helicoverpa armigera","","1","0","0","0","1","0","","","","","","","","IPM / validated crop-specific control","fruit_borer_management","Carbaryl","50 WP","4 g/L","Foliar spray","Feeding damage to flowers and circular bore holes in fruits.","official agricultural extension","TNAU crop protection - okra fruit borer",""
"Rice","Grasshoppers","Hieroglyphus banian; Oxya nitidula","Seedling to panicle stage","1","0","0","0","0","0","5 per sweep","","","Approximately 5 grasshoppers per sweep or visible damage","","","","Integrated pest management; initiate chemical management when about 5 grasshoppers per sweep or visible damage is observed.","grasshopper_management","Chlorpyrifos","20 EC","500 ml/acre","Foliar spray","Irregular feeding on seedlings and leaf blades; leaf-edge consumption; severe infestations may cause defoliation leaving midribs.","official agricultural extension","TNAU Crop Protection - Rice Grasshopper",""
"Brinjal","Weevils","Myllocerus subfasciatus; Myllocerus discolor; Myllocerus viridanus","","1","0","0","0","0","1","","","","","","","","Integrated pest management","weevil_management","","","","","Adults cause notching of leaf margins; grubs feed on roots and may cause plant wilting.","official agricultural extension","TNAU Crop Protection - Brinjal Ash Weevils",""
"Okra","Weevils","Alcidodes affaber","","1","0","0","0","1","0","","","","","","","","Integrated pest management","shoot_weevil_management","","","","","Grubs feed in stems and form galls; adults feed on leaf buds and terminal shoots; bore holes may occur on shoots.","official agricultural extension","TNAU Crop Protection - Okra Shoot Weevil",""
"Cotton","Caterpillars","Cotton bollworms","Flowering to boll formation","1","0","0","0","1","0","","","","Use threshold-based IPM","","","","Integrated pest management for bollworms","bollworm_management","Spinosad","45 SC","75 g a.i./ha","Foliar spray","Caterpillar feeding damage and bollworm infestation in cotton.","official agricultural extension","APEDA FarmerConnect Integrated Pest Management",""
"Chickpea","Caterpillars","Helicoverpa armigera","Pre-flowering to pod formation","1","0","0","0","1","0","","","","Use threshold-based IPM","","","","Integrated pest management for gram pod borer","pod_borer_management","Bacillus thuringiensis var. kurstaki","Biological formulation","0.75-1.0 kg/ha","Foliar spray","Larval feeding damage on foliage and developing pods.","official agricultural extension","APEDA FarmerConnect Integrated Pest Management",""
"Groundnut","Caterpillars","Spodoptera and hairy caterpillars","Vegetative stage","1","0","0","0","1","0","","","","Use threshold-based IPM","","","","Integrated pest management for defoliating caterpillars","defoliator_management","Bacillus thuringiensis","Biological formulation","1.0 kg/ha","Foliar spray","Defoliation and feeding damage caused by caterpillar infestation.","official agricultural extension","APEDA FarmerConnect Integrated Pest Management",""
"Soybean","Caterpillars","Defoliators","Vegetative stage","1","0","0","0","1","0","","","","Use threshold-based IPM","","","","Integrated pest management for soybean defoliators","defoliator_management","Bacillus thuringiensis","Biological formulation","1.0 kg/ha","Foliar spray","Leaf feeding and defoliation caused by caterpillar defoliators.","official agricultural extension","APEDA FarmerConnect Integrated Pest Management",""
"Pigeon Pea","Caterpillars","Helicoverpa armigera","Flowering and pod formation","1","0","0","0","1","0","","","","Use threshold-based IPM","","","","Apply crop-specific pod borer management at flowering and pod formation","pod_borer_management","Spinosad","45 SC","0.3 ml/L","Foliar spray","Caterpillar feeding and pod damage caused by Helicoverpa armigera.","official agricultural advisory","ICAR Kharif Agro-Advisory 2025","2025"
"Cotton","Grasshoppers","Crop-specific grasshopper species","Crop growth stage","1","0","0","0","1","0","Monitor population and crop damage","","","Use crop-specific economic threshold","","","","Integrated pest management; monitor grasshopper population and crop damage before intervention.","grasshopper_management","","","","","Irregular feeding on leaves and possible defoliation caused by grasshoppers.","IPM guidance","AgroGuard advisory dataset - crop-specific validation required",""
"Wheat","Grasshoppers","Crop-specific grasshopper species","Crop growth stage","1","0","0","0","1","0","Monitor population and crop damage","","","Use crop-specific economic threshold","","","","Integrated pest management; monitor grasshopper population and crop damage before intervention.","grasshopper_management","","","","","Irregular feeding on leaves and possible defoliation caused by grasshoppers.","IPM guidance","AgroGuard advisory dataset - crop-specific validation required",""
"Maize","Grasshoppers","Crop-specific grasshopper species","Crop growth stage","1","0","0","0","1","0","Monitor population and crop damage","","","Use crop-specific economic threshold","","","","Integrated pest management; monitor grasshopper population and crop damage before intervention.","grasshopper_management","","","","","Irregular feeding on leaves and possible defoliation caused by grasshoppers.","IPM guidance","AgroGuard advisory dataset - crop-specific validation required",""
"Soybean","Grasshoppers","Crop-specific grasshopper species","Crop growth stage","1","0","0","0","1","0","Monitor population and crop damage","","","Use crop-specific economic threshold","","","","Integrated pest management; monitor grasshopper population and crop damage before intervention.","grasshopper_management","","","","","Irregular feeding on leaves and possible defoliation caused by grasshoppers.","IPM guidance","AgroGuard advisory dataset - crop-specific validation required",""
"Sugarcane","Grasshoppers","Crop-specific grasshopper species","Crop growth stage","1","0","0","0","1","0","Monitor population and crop damage","","","Use crop-specific economic threshold","","","","Integrated pest management; monitor grasshopper population and crop damage before intervention.","grasshopper_management","","","","","Irregular feeding on leaves and possible defoliation caused by grasshoppers.","IPM guidance","AgroGuard advisory dataset - crop-specific validation required",""
"Tomato","Grasshoppers","Crop-specific grasshopper species","Crop growth stage","1","0","0","0","1","0","Monitor population and crop damage","","","Use crop-specific economic threshold","","","","Integrated pest management; monitor grasshopper population and crop damage before intervention.","grasshopper_management","","","","","Irregular feeding on leaves and possible defoliation caused by grasshoppers.","IPM guidance","AgroGuard advisory dataset - crop-specific validation required",""
"Potato","Grasshoppers","Crop-specific grasshopper species","Crop growth stage","1","0","0","0","1","0","Monitor population and crop damage","","","Use crop-specific economic threshold","","","","Integrated pest management; monitor grasshopper population and crop damage before intervention.","grasshopper_management","","","","","Irregular feeding on leaves and possible defoliation caused by grasshoppers.","IPM guidance","AgroGuard advisory dataset - crop-specific validation required",""
"Groundnut","Grasshoppers","Crop-specific grasshopper species","Crop growth stage","1","0","0","0","1","0","Monitor population and crop damage","","","Use crop-specific economic threshold","","","","Integrated pest management; monitor grasshopper population and crop damage before intervention.","grasshopper_management","","","","","Irregular feeding on leaves and possible defoliation caused by grasshoppers.","IPM guidance","AgroGuard advisory dataset - crop-specific validation required",""
"Chickpea","Grasshoppers","Crop-specific grasshopper species","Crop growth stage","1","0","0","0","1","0","Monitor population and crop damage","","","Use crop-specific economic threshold","","","","Integrated pest management; monitor grasshopper population and crop damage before intervention.","grasshopper_management","","","","","Irregular feeding on leaves and possible defoliation caused by grasshoppers.","IPM guidance","AgroGuard advisory dataset - crop-specific validation required",""
"Pigeon Pea","Grasshoppers","Crop-specific grasshopper species","Crop growth stage","1","0","0","0","1","0","Monitor population and crop damage","","","Use crop-specific economic threshold","","","","Integrated pest management; monitor grasshopper population and crop damage before intervention.","grasshopper_management","","","","","Irregular feeding on leaves and possible defoliation caused by grasshoppers.","IPM guidance","AgroGuard advisory dataset - crop-specific validation required",""
"Other","Grasshoppers","Crop-specific grasshopper species","Crop growth stage","1","0","0","0","1","0","Monitor population and crop damage","","","Use crop-specific economic threshold","","","","Integrated pest management; monitor grasshopper population and crop damage before intervention.","grasshopper_management","","","","","Irregular feeding on leaves and possible defoliation caused by grasshoppers.","IPM guidance","AgroGuard advisory dataset - crop-specific validation required",""
"Cotton","Weevils","Crop-specific weevil species","Crop growth stage","1","0","0","0","1","1","Monitor adult and larval activity","","","Use crop-specific economic threshold","","","","Integrated pest management; identify the weevil species and assess crop damage before treatment.","weevil_management","","","","","Leaf-margin notching, feeding damage, stem/root injury or plant wilting may occur depending on the weevil species.","IPM guidance","AgroGuard advisory dataset - crop-specific validation required",""
"Rice","Weevils","Crop-specific weevil species","Crop growth stage","1","0","0","0","1","1","Monitor adult and larval activity","","","Use crop-specific economic threshold","","","","Integrated pest management; identify the weevil species and assess crop damage before treatment.","weevil_management","","","","","Leaf-margin notching, feeding damage, stem/root injury or plant wilting may occur depending on the weevil species.","IPM guidance","AgroGuard advisory dataset - crop-specific validation required",""
"Wheat","Weevils","Crop-specific weevil species","Crop growth stage","1","0","0","0","1","1","Monitor adult and larval activity","","","Use crop-specific economic threshold","","","","Integrated pest management; identify the weevil species and assess crop damage before treatment.","weevil_management","","","","","Leaf-margin notching, feeding damage, stem/root injury or plant wilting may occur depending on the weevil species.","IPM guidance","AgroGuard advisory dataset - crop-specific validation required",""
"Maize","Weevils","Crop-specific weevil species","Crop growth stage","1","0","0","0","1","1","Monitor adult and larval activity","","","Use crop-specific economic threshold","","","","Integrated pest management; identify the weevil species and assess crop damage before treatment.","weevil_management","","","","","Leaf-margin notching, feeding damage, stem/root injury or plant wilting may occur depending on the weevil species.","IPM guidance","AgroGuard advisory dataset - crop-specific validation required",""
"Soybean","Weevils","Crop-specific weevil species","Crop growth stage","1","0","0","0","1","1","Monitor adult and larval activity","","","Use crop-specific economic threshold","","","","Integrated pest management; identify the weevil species and assess crop damage before treatment.","weevil_management","","","","","Leaf-margin notching, feeding damage, stem/root injury or plant wilting may occur depending on the weevil species.","IPM guidance","AgroGuard advisory dataset - crop-specific validation required",""
"Sugarcane","Weevils","Crop-specific weevil species","Crop growth stage","1","0","0","0","1","1","Monitor adult and larval activity","","","Use crop-specific economic threshold","","","","Integrated pest management; identify the weevil species and assess crop damage before treatment.","weevil_management","","","","","Leaf-margin notching, feeding damage, stem/root injury or plant wilting may occur depending on the weevil species.","IPM guidance","AgroGuard advisory dataset - crop-specific validation required",""
"Tomato","Weevils","Crop-specific weevil species","Crop growth stage","1","0","0","0","1","1","Monitor adult and larval activity","","","Use crop-specific economic threshold","","","","Integrated pest management; identify the weevil species and assess crop damage before treatment.","weevil_management","","","","","Leaf-margin notching, feeding damage, stem/root injury or plant wilting may occur depending on the weevil species.","IPM guidance","AgroGuard advisory dataset - crop-specific validation required",""
"Potato","Weevils","Crop-specific weevil species","Crop growth stage","1","0","0","0","1","1","Monitor adult and larval activity","","","Use crop-specific economic threshold","","","","Integrated pest management; identify the weevil species and assess crop damage before treatment.","weevil_management","","","","","Leaf-margin notching, feeding damage, stem/root injury or plant wilting may occur depending on the weevil species.","IPM guidance","AgroGuard advisory dataset - crop-specific validation required",""
"Groundnut","Weevils","Crop-specific weevil species","Crop growth stage","1","0","0","0","1","1","Monitor adult and larval activity","","","Use crop-specific economic threshold","","","","Integrated pest management; identify the weevil species and assess crop damage before treatment.","weevil_management","","","","","Leaf-margin notching, feeding damage, stem/root injury or plant wilting may occur depending on the weevil species.","IPM guidance","AgroGuard advisory dataset - crop-specific validation required",""
"Chickpea","Weevils","Crop-specific weevil species","Crop growth stage","1","0","0","0","1","1","Monitor adult and larval activity","","","Use crop-specific economic threshold","","","","Integrated pest management; identify the weevil species and assess crop damage before treatment.","weevil_management","","","","","Leaf-margin notching, feeding damage, stem/root injury or plant wilting may occur depending on the weevil species.","IPM guidance","AgroGuard advisory dataset - crop-specific validation required",""
"Pigeon Pea","Weevils","Crop-specific weevil species","Crop growth stage","1","0","0","0","1","1","Monitor adult and larval activity","","","Use crop-specific economic threshold","","","","Integrated pest management; identify the weevil species and assess crop damage before treatment.","weevil_management","","","","","Leaf-margin notching, feeding damage, stem/root injury or plant wilting may occur depending on the weevil species.","IPM guidance","AgroGuard advisory dataset - crop-specific validation required",""
"Other","Weevils","Crop-specific weevil species","Crop growth stage","1","0","0","0","1","1","Monitor adult and larval activity","","","Use crop-specific economic threshold","","","","Integrated pest management; identify the weevil species and assess crop damage before treatment.","weevil_management","","","","","Leaf-margin notching, feeding damage, stem/root injury or plant wilting may occur depending on the weevil species.","IPM guidance","AgroGuard advisory dataset - crop-specific validation required",""
"Cotton","Beetles","Crop-specific beetle species","Crop growth stage","1","0","0","0","1","0","Monitor adult and larval activity","","","Use crop-specific economic threshold","","","","Integrated pest management; identify the beetle species and assess crop damage before treatment.","beetle_management","","","","","Leaf feeding, holes, defoliation or other feeding damage may occur depending on the beetle species.","IPM guidance","AgroGuard advisory dataset - crop-specific validation required",""
"Rice","Beetles","Crop-specific beetle species","Crop growth stage","1","0","0","0","1","0","Monitor adult and larval activity","","","Use crop-specific economic threshold","","","","Integrated pest management; identify the beetle species and assess crop damage before treatment.","beetle_management","","","","","Leaf feeding, holes, defoliation or other feeding damage may occur depending on the beetle species.","IPM guidance","AgroGuard advisory dataset - crop-specific validation required",""
"Wheat","Beetles","Crop-specific beetle species","Crop growth stage","1","0","0","0","1","0","Monitor adult and larval activity","","","Use crop-specific economic threshold","","","","Integrated pest management; identify the beetle species and assess crop damage before treatment.","beetle_management","","","","","Leaf feeding, holes, defoliation or other feeding damage may occur depending on the beetle species.","IPM guidance","AgroGuard advisory dataset - crop-specific validation required",""
"Maize","Beetles","Crop-specific beetle species","Crop growth stage","1","0","0","0","1","0","Monitor adult and larval activity","","","Use crop-specific economic threshold","","","","Integrated pest management; identify the beetle species and assess crop damage before treatment.","beetle_management","","","","","Leaf feeding, holes, defoliation or other feeding damage may occur depending on the beetle species.","IPM guidance","AgroGuard advisory dataset - crop-specific validation required",""
"Soybean","Beetles","Crop-specific beetle species","Crop growth stage","1","0","0","0","1","0","Monitor adult and larval activity","","","Use crop-specific economic threshold","","","","Integrated pest management; identify the beetle species and assess crop damage before treatment.","beetle_management","","","","","Leaf feeding, holes, defoliation or other feeding damage may occur depending on the beetle species.","IPM guidance","AgroGuard advisory dataset - crop-specific validation required",""
"Sugarcane","Beetles","Crop-specific beetle species","Crop growth stage","1","0","0","0","1","0","Monitor adult and larval activity","","","Use crop-specific economic threshold","","","","Integrated pest management; identify the beetle species and assess crop damage before treatment.","beetle_management","","","","","Leaf feeding, holes, defoliation or other feeding damage may occur depending on the beetle species.","IPM guidance","AgroGuard advisory dataset - crop-specific validation required",""
"Tomato","Beetles","Crop-specific beetle species","Crop growth stage","1","0","0","0","1","0","Monitor adult and larval activity","","","Use crop-specific economic threshold","","","","Integrated pest management; identify the beetle species and assess crop damage before treatment.","beetle_management","","","","","Leaf feeding, holes, defoliation or other feeding damage may occur depending on the beetle species.","IPM guidance","AgroGuard advisory dataset - crop-specific validation required",""
"Potato","Beetles","Crop-specific beetle species","Crop growth stage","1","0","0","0","1","0","Monitor adult and larval activity","","","Use crop-specific economic threshold","","","","Integrated pest management; identify the beetle species and assess crop damage before treatment.","beetle_management","","","","","Leaf feeding, holes, defoliation or other feeding damage may occur depending on the beetle species.","IPM guidance","AgroGuard advisory dataset - crop-specific validation required",""
"Groundnut","Beetles","Crop-specific beetle species","Crop growth stage","1","0","0","0","1","0","Monitor adult and larval activity","","","Use crop-specific economic threshold","","","","Integrated pest management; identify the beetle species and assess crop damage before treatment.","beetle_management","","","","","Leaf feeding, holes, defoliation or other feeding damage may occur depending on the beetle species.","IPM guidance","AgroGuard advisory dataset - crop-specific validation required",""
"Chickpea","Beetles","Crop-specific beetle species","Crop growth stage","1","0","0","0","1","0","Monitor adult and larval activity","","","Use crop-specific economic threshold","","","","Integrated pest management; identify the beetle species and assess crop damage before treatment.","beetle_management","","","","","Leaf feeding, holes, defoliation or other feeding damage may occur depending on the beetle species.","IPM guidance","AgroGuard advisory dataset - crop-specific validation required",""
"Pigeon Pea","Beetles","Crop-specific beetle species","Crop growth stage","1","0","0","0","1","0","Monitor adult and larval activity","","","Use crop-specific economic threshold","","","","Integrated pest management; identify the beetle species and assess crop damage before treatment.","beetle_management","","","","","Leaf feeding, holes, defoliation or other feeding damage may occur depending on the beetle species.","IPM guidance","AgroGuard advisory dataset - crop-specific validation required",""
"Other","Beetles","Crop-specific beetle species","Crop growth stage","1","0","0","0","1","0","Monitor adult and larval activity","","","Use crop-specific economic threshold","","","","Integrated pest management; identify the beetle species and assess crop damage before treatment.","beetle_management","","","","","Leaf feeding, holes, defoliation or other feeding damage may occur depending on the beetle species.","IPM guidance","AgroGuard advisory dataset - crop-specific validation required",""
"Cotton","Moths","Crop-specific moth species","Crop growth stage","1","0","0","0","1","0","Monitor moth activity and larval damage","","","Use crop-specific economic threshold","","","","Adult moth detection alone does not confirm crop damage; inspect plants for larvae and feeding symptoms before treatment.","moth_management","","","","","Adult moths may be associated with larval feeding damage; confirm larvae and crop-specific pest identity before intervention.","IPM guidance","AgroGuard advisory dataset - crop-specific validation required",""
"Rice","Moths","Crop-specific moth species","Crop growth stage","1","0","0","0","1","0","Monitor moth activity and larval damage","","","Use crop-specific economic threshold","","","","Adult moth detection alone does not confirm crop damage; inspect plants for larvae and feeding symptoms before treatment.","moth_management","","","","","Adult moths may be associated with larval feeding damage; confirm larvae and crop-specific pest identity before intervention.","IPM guidance","AgroGuard advisory dataset - crop-specific validation required",""
"Wheat","Moths","Crop-specific moth species","Crop growth stage","1","0","0","0","1","0","Monitor moth activity and larval damage","","","Use crop-specific economic threshold","","","","Adult moth detection alone does not confirm crop damage; inspect plants for larvae and feeding symptoms before treatment.","moth_management","","","","","Adult moths may be associated with larval feeding damage; confirm larvae and crop-specific pest identity before intervention.","IPM guidance","AgroGuard advisory dataset - crop-specific validation required",""
"Maize","Moths","Crop-specific moth species","Crop growth stage","1","0","0","0","1","0","Monitor moth activity and larval damage","","","Use crop-specific economic threshold","","","","Adult moth detection alone does not confirm crop damage; inspect plants for larvae and feeding symptoms before treatment.","moth_management","","","","","Adult moths may be associated with larval feeding damage; confirm larvae and crop-specific pest identity before intervention.","IPM guidance","AgroGuard advisory dataset - crop-specific validation required",""
"Soybean","Moths","Crop-specific moth species","Crop growth stage","1","0","0","0","1","0","Monitor moth activity and larval damage","","","Use crop-specific economic threshold","","","","Adult moth detection alone does not confirm crop damage; inspect plants for larvae and feeding symptoms before treatment.","moth_management","","","","","Adult moths may be associated with larval feeding damage; confirm larvae and crop-specific pest identity before intervention.","IPM guidance","AgroGuard advisory dataset - crop-specific validation required",""
"Sugarcane","Moths","Crop-specific moth species","Crop growth stage","1","0","0","0","1","0","Monitor moth activity and larval damage","","","Use crop-specific economic threshold","","","","Adult moth detection alone does not confirm crop damage; inspect plants for larvae and feeding symptoms before treatment.","moth_management","","","","","Adult moths may be associated with larval feeding damage; confirm larvae and crop-specific pest identity before intervention.","IPM guidance","AgroGuard advisory dataset - crop-specific validation required",""
"Tomato","Moths","Crop-specific moth species","Crop growth stage","1","0","0","0","1","0","Monitor moth activity and larval damage","","","Use crop-specific economic threshold","","","","Adult moth detection alone does not confirm crop damage; inspect plants for larvae and feeding symptoms before treatment.","moth_management","","","","","Adult moths may be associated with larval feeding damage; confirm larvae and crop-specific pest identity before intervention.","IPM guidance","AgroGuard advisory dataset - crop-specific validation required",""
"Potato","Moths","Crop-specific moth species","Crop growth stage","1","0","0","0","1","0","Monitor moth activity and larval damage","","","Use crop-specific economic threshold","","","","Adult moth detection alone does not confirm crop damage; inspect plants for larvae and feeding symptoms before treatment.","moth_management","","","","","Adult moths may be associated with larval feeding damage; confirm larvae and crop-specific pest identity before intervention.","IPM guidance","AgroGuard advisory dataset - crop-specific validation required",""
"Groundnut","Moths","Crop-specific moth species","Crop growth stage","1","0","0","0","1","0","Monitor moth activity and larval damage","","","Use crop-specific economic threshold","","","","Adult moth detection alone does not confirm crop damage; inspect plants for larvae and feeding symptoms before treatment.","moth_management","","","","","Adult moths may be associated with larval feeding damage; confirm larvae and crop-specific pest identity before intervention.","IPM guidance","AgroGuard advisory dataset - crop-specific validation required",""
"Chickpea","Moths","Crop-specific moth species","Crop growth stage","1","0","0","0","1","0","Monitor moth activity and larval damage","","","Use crop-specific economic threshold","","","","Adult moth detection alone does not confirm crop damage; inspect plants for larvae and feeding symptoms before treatment.","moth_management","","","","","Adult moths may be associated with larval feeding damage; confirm larvae and crop-specific pest identity before intervention.","IPM guidance","AgroGuard advisory dataset - crop-specific validation required",""
"Pigeon Pea","Moths","Crop-specific moth species","Crop growth stage","1","0","0","0","1","0","Monitor moth activity and larval damage","","","Use crop-specific economic threshold","","","","Adult moth detection alone does not confirm crop damage; inspect plants for larvae and feeding symptoms before treatment.","moth_management","","","","","Adult moths may be associated with larval feeding damage; confirm larvae and crop-specific pest identity before intervention.","IPM guidance","AgroGuard advisory dataset - crop-specific validation required",""
"Other","Moths","Crop-specific moth species","Crop growth stage","1","0","0","0","1","0","Monitor moth activity and larval damage","","","Use crop-specific economic threshold","","","","Adult moth detection alone does not confirm crop damage; inspect plants for larvae and feeding symptoms before treatment.","moth_management","","","","","Adult moths may be associated with larval feeding damage; confirm larvae and crop-specific pest identity before intervention.","IPM guidance","AgroGuard advisory dataset - crop-specific validation required",""
"Cotton","Ants","Crop-specific ant species","Crop growth stage","0","0","0","0","0","0","Monitor ant activity and inspect plants for associated damage","","","Use crop-specific economic threshold","","","","Ant presence alone does not confirm crop damage; inspect plants and identify the cause before treatment. Use integrated pest management and protect beneficial insects.","ant_management","","","","","Ant activity may be associated with sap-feeding insects or other crop conditions; confirm the underlying cause before intervention.","IPM guidance","AgroGuard advisory dataset - crop-specific validation required",""
"Rice","Ants","Crop-specific ant species","Crop growth stage","0","0","0","0","0","0","Monitor ant activity and inspect plants for associated damage","","","Use crop-specific economic threshold","","","","Ant presence alone does not confirm crop damage; inspect plants and identify the cause before treatment. Use integrated pest management and protect beneficial insects.","ant_management","","","","","Ant activity may be associated with sap-feeding insects or other crop conditions; confirm the underlying cause before intervention.","IPM guidance","AgroGuard advisory dataset - crop-specific validation required",""
"Wheat","Ants","Crop-specific ant species","Crop growth stage","0","0","0","0","0","0","Monitor ant activity and inspect plants for associated damage","","","Use crop-specific economic threshold","","","","Ant presence alone does not confirm crop damage; inspect plants and identify the cause before treatment. Use integrated pest management and protect beneficial insects.","ant_management","","","","","Ant activity may be associated with sap-feeding insects or other crop conditions; confirm the underlying cause before intervention.","IPM guidance","AgroGuard advisory dataset - crop-specific validation required",""
"Maize","Ants","Crop-specific ant species","Crop growth stage","0","0","0","0","0","0","Monitor ant activity and inspect plants for associated damage","","","Use crop-specific economic threshold","","","","Ant presence alone does not confirm crop damage; inspect plants and identify the cause before treatment. Use integrated pest management and protect beneficial insects.","ant_management","","","","","Ant activity may be associated with sap-feeding insects or other crop conditions; confirm the underlying cause before intervention.","IPM guidance","AgroGuard advisory dataset - crop-specific validation required",""
"Soybean","Ants","Crop-specific ant species","Crop growth stage","0","0","0","0","0","0","Monitor ant activity and inspect plants for associated damage","","","Use crop-specific economic threshold","","","","Ant presence alone does not confirm crop damage; inspect plants and identify the cause before treatment. Use integrated pest management and protect beneficial insects.","ant_management","","","","","Ant activity may be associated with sap-feeding insects or other crop conditions; confirm the underlying cause before intervention.","IPM guidance","AgroGuard advisory dataset - crop-specific validation required",""
"Sugarcane","Ants","Crop-specific ant species","Crop growth stage","0","0","0","0","0","0","Monitor ant activity and inspect plants for associated damage","","","Use crop-specific economic threshold","","","","Ant presence alone does not confirm crop damage; inspect plants and identify the cause before treatment. Use integrated pest management and protect beneficial insects.","ant_management","","","","","Ant activity may be associated with sap-feeding insects or other crop conditions; confirm the underlying cause before intervention.","IPM guidance","AgroGuard advisory dataset - crop-specific validation required",""
"Tomato","Ants","Crop-specific ant species","Crop growth stage","0","0","0","0","0","0","Monitor ant activity and inspect plants for associated damage","","","Use crop-specific economic threshold","","","","Ant presence alone does not confirm crop damage; inspect plants and identify the cause before treatment. Use integrated pest management and protect beneficial insects.","ant_management","","","","","Ant activity may be associated with sap-feeding insects or other crop conditions; confirm the underlying cause before intervention.","IPM guidance","AgroGuard advisory dataset - crop-specific validation required",""
"Potato","Ants","Crop-specific ant species","Crop growth stage","0","0","0","0","0","0","Monitor ant activity and inspect plants for associated damage","","","Use crop-specific economic threshold","","","","Ant presence alone does not confirm crop damage; inspect plants and identify the cause before treatment. Use integrated pest management and protect beneficial insects.","ant_management","","","","","Ant activity may be associated with sap-feeding insects or other crop conditions; confirm the underlying cause before intervention.","IPM guidance","AgroGuard advisory dataset - crop-specific validation required",""
"Groundnut","Ants","Crop-specific ant species","Crop growth stage","0","0","0","0","0","0","Monitor ant activity and inspect plants for associated damage","","","Use crop-specific economic threshold","","","","Ant presence alone does not confirm crop damage; inspect plants and identify the cause before treatment. Use integrated pest management and protect beneficial insects.","ant_management","","","","","Ant activity may be associated with sap-feeding insects or other crop conditions; confirm the underlying cause before intervention.","IPM guidance","AgroGuard advisory dataset - crop-specific validation required",""
"Chickpea","Ants","Crop-specific ant species","Crop growth stage","0","0","0","0","0","0","Monitor ant activity and inspect plants for associated damage","","","Use crop-specific economic threshold","","","","Ant presence alone does not confirm crop damage; inspect plants and identify the cause before treatment. Use integrated pest management and protect beneficial insects.","ant_management","","","","","Ant activity may be associated with sap-feeding insects or other crop conditions; confirm the underlying cause before intervention.","IPM guidance","AgroGuard advisory dataset - crop-specific validation required",""
"Pigeon Pea","Ants","Crop-specific ant species","Crop growth stage","0","0","0","0","0","0","Monitor ant activity and inspect plants for associated damage","","","Use crop-specific economic threshold","","","","Ant presence alone does not confirm crop damage; inspect plants and identify the cause before treatment. Use integrated pest management and protect beneficial insects.","ant_management","","","","","Ant activity may be associated with sap-feeding insects or other crop conditions; confirm the underlying cause before intervention.","IPM guidance","AgroGuard advisory dataset - crop-specific validation required",""
"Other","Ants","Crop-specific ant species","Crop growth stage","0","0","0","0","0","0","Monitor ant activity and inspect plants for associated damage","","","Use crop-specific economic threshold","","","","Ant presence alone does not confirm crop damage; inspect plants and identify the cause before treatment. Use integrated pest management and protect beneficial insects.","ant_management","","","","","Ant activity may be associated with sap-feeding insects or other crop conditions; confirm the underlying cause before intervention.","IPM guidance","AgroGuard advisory dataset - crop-specific validation required",""
"Cotton","Bees","Beneficial bee species","Crop flowering stage","0","0","0","0","0","0","Monitor bee activity, especially during flowering","","","Not applicable - beneficial pollinator","","","","Protect bees and avoid unnecessary pesticide applications during flowering. Use integrated pest management and preserve flowering habitats and pollinator activity.","beneficial_insect_protection","","","","","Bees are beneficial pollinators and their presence is not evidence of a crop pest infestation.","Beneficial insect protection","AgroGuard advisory dataset - beneficial insect protection",""
"Rice","Bees","Beneficial bee species","Crop flowering stage","0","0","0","0","0","0","Monitor bee activity, especially during flowering","","","Not applicable - beneficial pollinator","","","","Protect bees and avoid unnecessary pesticide applications during flowering. Use integrated pest management and preserve flowering habitats and pollinator activity.","beneficial_insect_protection","","","","","Bees are beneficial pollinators and their presence is not evidence of a crop pest infestation.","Beneficial insect protection","AgroGuard advisory dataset - beneficial insect protection",""
"Wheat","Bees","Beneficial bee species","Crop flowering stage","0","0","0","0","0","0","Monitor bee activity, especially during flowering","","","Not applicable - beneficial pollinator","","","","Protect bees and avoid unnecessary pesticide applications during flowering. Use integrated pest management and preserve flowering habitats and pollinator activity.","beneficial_insect_protection","","","","","Bees are beneficial pollinators and their presence is not evidence of a crop pest infestation.","Beneficial insect protection","AgroGuard advisory dataset - beneficial insect protection",""
"Maize","Bees","Beneficial bee species","Crop flowering stage","0","0","0","0","0","0","Monitor bee activity, especially during flowering","","","Not applicable - beneficial pollinator","","","","Protect bees and avoid unnecessary pesticide applications during flowering. Use integrated pest management and preserve flowering habitats and pollinator activity.","beneficial_insect_protection","","","","","Bees are beneficial pollinators and their presence is not evidence of a crop pest infestation.","Beneficial insect protection","AgroGuard advisory dataset - beneficial insect protection",""
"Soybean","Bees","Beneficial bee species","Crop flowering stage","0","0","0","0","0","0","Monitor bee activity, especially during flowering","","","Not applicable - beneficial pollinator","","","","Protect bees and avoid unnecessary pesticide applications during flowering. Use integrated pest management and preserve flowering habitats and pollinator activity.","beneficial_insect_protection","","","","","Bees are beneficial pollinators and their presence is not evidence of a crop pest infestation.","Beneficial insect protection","AgroGuard advisory dataset - beneficial insect protection",""
"Sugarcane","Bees","Beneficial bee species","Crop flowering stage","0","0","0","0","0","0","Monitor bee activity, especially during flowering","","","Not applicable - beneficial pollinator","","","","Protect bees and avoid unnecessary pesticide applications during flowering. Use integrated pest management and preserve flowering habitats and pollinator activity.","beneficial_insect_protection","","","","","Bees are beneficial pollinators and their presence is not evidence of a crop pest infestation.","Beneficial insect protection","AgroGuard advisory dataset - beneficial insect protection",""
"Tomato","Bees","Beneficial bee species","Crop flowering stage","0","0","0","0","0","0","Monitor bee activity, especially during flowering","","","Not applicable - beneficial pollinator","","","","Protect bees and avoid unnecessary pesticide applications during flowering. Use integrated pest management and preserve flowering habitats and pollinator activity.","beneficial_insect_protection","","","","","Bees are beneficial pollinators and their presence is not evidence of a crop pest infestation.","Beneficial insect protection","AgroGuard advisory dataset - beneficial insect protection",""
"Potato","Bees","Beneficial bee species","Crop flowering stage","0","0","0","0","0","0","Monitor bee activity, especially during flowering","","","Not applicable - beneficial pollinator","","","","Protect bees and avoid unnecessary pesticide applications during flowering. Use integrated pest management and preserve flowering habitats and pollinator activity.","beneficial_insect_protection","","","","","Bees are beneficial pollinators and their presence is not evidence of a crop pest infestation.","Beneficial insect protection","AgroGuard advisory dataset - beneficial insect protection",""
"Groundnut","Bees","Beneficial bee species","Crop flowering stage","0","0","0","0","0","0","Monitor bee activity, especially during flowering","","","Not applicable - beneficial pollinator","","","","Protect bees and avoid unnecessary pesticide applications during flowering. Use integrated pest management and preserve flowering habitats and pollinator activity.","beneficial_insect_protection","","","","","Bees are beneficial pollinators and their presence is not evidence of a crop pest infestation.","Beneficial insect protection","AgroGuard advisory dataset - beneficial insect protection",""
"Chickpea","Bees","Beneficial bee species","Crop flowering stage","0","0","0","0","0","0","Monitor bee activity, especially during flowering","","","Not applicable - beneficial pollinator","","","","Protect bees and avoid unnecessary pesticide applications during flowering. Use integrated pest management and preserve flowering habitats and pollinator activity.","beneficial_insect_protection","","","","","Bees are beneficial pollinators and their presence is not evidence of a crop pest infestation.","Beneficial insect protection","AgroGuard advisory dataset - beneficial insect protection",""
"Pigeon Pea","Bees","Beneficial bee species","Crop flowering stage","0","0","0","0","0","0","Monitor bee activity, especially during flowering","","","Not applicable - beneficial pollinator","","","","Protect bees and avoid unnecessary pesticide applications during flowering. Use integrated pest management and preserve flowering habitats and pollinator activity.","beneficial_insect_protection","","","","","Bees are beneficial pollinators and their presence is not evidence of a crop pest infestation.","Beneficial insect protection","AgroGuard advisory dataset - beneficial insect protection",""
"Other","Bees","Beneficial bee species","Crop flowering stage","0","0","0","0","0","0","Monitor bee activity, especially during flowering","","","Not applicable - beneficial pollinator","","","","Protect bees and avoid unnecessary pesticide applications during flowering. Use integrated pest management and preserve flowering habitats and pollinator activity.","beneficial_insect_protection","","","","","Bees are beneficial pollinators and their presence is not evidence of a crop pest infestation.","Beneficial insect protection","AgroGuard advisory dataset - beneficial insect protection",""
"Cotton","Earthworms","Beneficial earthworm species","All crop growth stages","0","0","0","0","0","0","Monitor soil health and earthworm activity","","","Not applicable - beneficial soil organism","","","","Protect earthworms and maintain healthy soil conditions. Avoid unnecessary pesticide applications and excessive soil disturbance.","beneficial_soil_organism_protection","","","","","Earthworms are beneficial soil organisms that improve soil structure and nutrient cycling; their presence is not evidence of a crop pest infestation.","Beneficial organism protection","AgroGuard advisory dataset - beneficial organism protection",""
"Rice","Earthworms","Beneficial earthworm species","All crop growth stages","0","0","0","0","0","0","Monitor soil health and earthworm activity","","","Not applicable - beneficial soil organism","","","","Protect earthworms and maintain healthy soil conditions. Avoid unnecessary pesticide applications and excessive soil disturbance.","beneficial_soil_organism_protection","","","","","Earthworms are beneficial soil organisms that improve soil structure and nutrient cycling; their presence is not evidence of a crop pest infestation.","Beneficial organism protection","AgroGuard advisory dataset - beneficial organism protection",""
"Wheat","Earthworms","Beneficial earthworm species","All crop growth stages","0","0","0","0","0","0","Monitor soil health and earthworm activity","","","Not applicable - beneficial soil organism","","","","Protect earthworms and maintain healthy soil conditions. Avoid unnecessary pesticide applications and excessive soil disturbance.","beneficial_soil_organism_protection","","","","","Earthworms are beneficial soil organisms that improve soil structure and nutrient cycling; their presence is not evidence of a crop pest infestation.","Beneficial organism protection","AgroGuard advisory dataset - beneficial organism protection",""
"Maize","Earthworms","Beneficial earthworm species","All crop growth stages","0","0","0","0","0","0","Monitor soil health and earthworm activity","","","Not applicable - beneficial soil organism","","","","Protect earthworms and maintain healthy soil conditions. Avoid unnecessary pesticide applications and excessive soil disturbance.","beneficial_soil_organism_protection","","","","","Earthworms are beneficial soil organisms that improve soil structure and nutrient cycling; their presence is not evidence of a crop pest infestation.","Beneficial organism protection","AgroGuard advisory dataset - beneficial organism protection",""
"Soybean","Earthworms","Beneficial earthworm species","All crop growth stages","0","0","0","0","0","0","Monitor soil health and earthworm activity","","","Not applicable - beneficial soil organism","","","","Protect earthworms and maintain healthy soil conditions. Avoid unnecessary pesticide applications and excessive soil disturbance.","beneficial_soil_organism_protection","","","","","Earthworms are beneficial soil organisms that improve soil structure and nutrient cycling; their presence is not evidence of a crop pest infestation.","Beneficial organism protection","AgroGuard advisory dataset - beneficial organism protection",""
"Sugarcane","Earthworms","Beneficial earthworm species","All crop growth stages","0","0","0","0","0","0","Monitor soil health and earthworm activity","","","Not applicable - beneficial soil organism","","","","Protect earthworms and maintain healthy soil conditions. Avoid unnecessary pesticide applications and excessive soil disturbance.","beneficial_soil_organism_protection","","","","","Earthworms are beneficial soil organisms that improve soil structure and nutrient cycling; their presence is not evidence of a crop pest infestation.","Beneficial organism protection","AgroGuard advisory dataset - beneficial organism protection",""
"Tomato","Earthworms","Beneficial earthworm species","All crop growth stages","0","0","0","0","0","0","Monitor soil health and earthworm activity","","","Not applicable - beneficial soil organism","","","","Protect earthworms and maintain healthy soil conditions. Avoid unnecessary pesticide applications and excessive soil disturbance.","beneficial_soil_organism_protection","","","","","Earthworms are beneficial soil organisms that improve soil structure and nutrient cycling; their presence is not evidence of a crop pest infestation.","Beneficial organism protection","AgroGuard advisory dataset - beneficial organism protection",""
"Potato","Earthworms","Beneficial earthworm species","All crop growth stages","0","0","0","0","0","0","Monitor soil health and earthworm activity","","","Not applicable - beneficial soil organism","","","","Protect earthworms and maintain healthy soil conditions. Avoid unnecessary pesticide applications and excessive soil disturbance.","beneficial_soil_organism_protection","","","","","Earthworms are beneficial soil organisms that improve soil structure and nutrient cycling; their presence is not evidence of a crop pest infestation.","Beneficial organism protection","AgroGuard advisory dataset - beneficial organism protection",""
"Groundnut","Earthworms","Beneficial earthworm species","All crop growth stages","0","0","0","0","0","0","Monitor soil health and earthworm activity","","","Not applicable - beneficial soil organism","","","","Protect earthworms and maintain healthy soil conditions. Avoid unnecessary pesticide applications and excessive soil disturbance.","beneficial_soil_organism_protection","","","","","Earthworms are beneficial soil organisms that improve soil structure and nutrient cycling; their presence is not evidence of a crop pest infestation.","Beneficial organism protection","AgroGuard advisory dataset - beneficial organism protection",""
"Chickpea","Earthworms","Beneficial earthworm species","All crop growth stages","0","0","0","0","0","0","Monitor soil health and earthworm activity","","","Not applicable - beneficial soil organism","","","","Protect earthworms and maintain healthy soil conditions. Avoid unnecessary pesticide applications and excessive soil disturbance.","beneficial_soil_organism_protection","","","","","Earthworms are beneficial soil organisms that improve soil structure and nutrient cycling; their presence is not evidence of a crop pest infestation.","Beneficial organism protection","AgroGuard advisory dataset - beneficial organism protection",""
"Pigeon Pea","Earthworms","Beneficial earthworm species","All crop growth stages","0","0","0","0","0","0","Monitor soil health and earthworm activity","","","Not applicable - beneficial soil organism","","","","Protect earthworms and maintain healthy soil conditions. Avoid unnecessary pesticide applications and excessive soil disturbance.","beneficial_soil_organism_protection","","","","","Earthworms are beneficial soil organisms that improve soil structure and nutrient cycling; their presence is not evidence of a crop pest infestation.","Beneficial organism protection","AgroGuard advisory dataset - beneficial organism protection",""
"Other","Earthworms","Beneficial earthworm species","All crop growth stages","0","0","0","0","0","0","Monitor soil health and earthworm activity","","","Not applicable - beneficial soil organism","","","","Protect earthworms and maintain healthy soil conditions. Avoid unnecessary pesticide applications and excessive soil disturbance.","beneficial_soil_organism_protection","","","","","Earthworms are beneficial soil organisms that improve soil structure and nutrient cycling; their presence is not evidence of a crop pest infestation.","Beneficial organism protection","AgroGuard advisory dataset - beneficial organism protection",""
"Cotton","Earwigs","Crop-specific earwig species","Crop growth stage","1","0","0","0","1","0","Monitor earwig activity and crop feeding damage","","","Use crop-specific economic threshold","","","","Confirm earwig species and assess crop damage before treatment. Use integrated pest management, field sanitation and monitoring before considering any intervention.","earwig_management","","","","","Earwigs may cause feeding damage such as holes or chewing injury; confirm the pest and assess crop damage before intervention.","IPM guidance","AgroGuard advisory dataset - crop-specific validation required",""
"Rice","Earwigs","Crop-specific earwig species","Crop growth stage","1","0","0","0","1","0","Monitor earwig activity and crop feeding damage","","","Use crop-specific economic threshold","","","","Confirm earwig species and assess crop damage before treatment. Use integrated pest management, field sanitation and monitoring before considering any intervention.","earwig_management","","","","","Earwigs may cause feeding damage such as holes or chewing injury; confirm the pest and assess crop damage before intervention.","IPM guidance","AgroGuard advisory dataset - crop-specific validation required",""
"Wheat","Earwigs","Crop-specific earwig species","Crop growth stage","1","0","0","0","1","0","Monitor earwig activity and crop feeding damage","","","Use crop-specific economic threshold","","","","Confirm earwig species and assess crop damage before treatment. Use integrated pest management, field sanitation and monitoring before considering any intervention.","earwig_management","","","","","Earwigs may cause feeding damage such as holes or chewing injury; confirm the pest and assess crop damage before intervention.","IPM guidance","AgroGuard advisory dataset - crop-specific validation required",""
"Maize","Earwigs","Crop-specific earwig species","Crop growth stage","1","0","0","0","1","0","Monitor earwig activity and crop feeding damage","","","Use crop-specific economic threshold","","","","Confirm earwig species and assess crop damage before treatment. Use integrated pest management, field sanitation and monitoring before considering any intervention.","earwig_management","","","","","Earwigs may cause feeding damage such as holes or chewing injury; confirm the pest and assess crop damage before intervention.","IPM guidance","AgroGuard advisory dataset - crop-specific validation required",""
"Soybean","Earwigs","Crop-specific earwig species","Crop growth stage","1","0","0","0","1","0","Monitor earwig activity and crop feeding damage","","","Use crop-specific economic threshold","","","","Confirm earwig species and assess crop damage before treatment. Use integrated pest management, field sanitation and monitoring before considering any intervention.","earwig_management","","","","","Earwigs may cause feeding damage such as holes or chewing injury; confirm the pest and assess crop damage before intervention.","IPM guidance","AgroGuard advisory dataset - crop-specific validation required",""
"Sugarcane","Earwigs","Crop-specific earwig species","Crop growth stage","1","0","0","0","1","0","Monitor earwig activity and crop feeding damage","","","Use crop-specific economic threshold","","","","Confirm earwig species and assess crop damage before treatment. Use integrated pest management, field sanitation and monitoring before considering any intervention.","earwig_management","","","","","Earwigs may cause feeding damage such as holes or chewing injury; confirm the pest and assess crop damage before intervention.","IPM guidance","AgroGuard advisory dataset - crop-specific validation required",""
"Tomato","Earwigs","Crop-specific earwig species","Crop growth stage","1","0","0","0","1","0","Monitor earwig activity and crop feeding damage","","","Use crop-specific economic threshold","","","","Confirm earwig species and assess crop damage before treatment. Use integrated pest management, field sanitation and monitoring before considering any intervention.","earwig_management","","","","","Earwigs may cause feeding damage such as holes or chewing injury; confirm the pest and assess crop damage before intervention.","IPM guidance","AgroGuard advisory dataset - crop-specific validation required",""
"Potato","Earwigs","Crop-specific earwig species","Crop growth stage","1","0","0","0","1","0","Monitor earwig activity and crop feeding damage","","","Use crop-specific economic threshold","","","","Confirm earwig species and assess crop damage before treatment. Use integrated pest management, field sanitation and monitoring before considering any intervention.","earwig_management","","","","","Earwigs may cause feeding damage such as holes or chewing injury; confirm the pest and assess crop damage before intervention.","IPM guidance","AgroGuard advisory dataset - crop-specific validation required",""
"Groundnut","Earwigs","Crop-specific earwig species","Crop growth stage","1","0","0","0","1","0","Monitor earwig activity and crop feeding damage","","","Use crop-specific economic threshold","","","","Confirm earwig species and assess crop damage before treatment. Use integrated pest management, field sanitation and monitoring before considering any intervention.","earwig_management","","","","","Earwigs may cause feeding damage such as holes or chewing injury; confirm the pest and assess crop damage before intervention.","IPM guidance","AgroGuard advisory dataset - crop-specific validation required",""
"Chickpea","Earwigs","Crop-specific earwig species","Crop growth stage","1","0","0","0","1","0","Monitor earwig activity and crop feeding damage","","","Use crop-specific economic threshold","","","","Confirm earwig species and assess crop damage before treatment. Use integrated pest management, field sanitation and monitoring before considering any intervention.","earwig_management","","","","","Earwigs may cause feeding damage such as holes or chewing injury; confirm the pest and assess crop damage before intervention.","IPM guidance","AgroGuard advisory dataset - crop-specific validation required",""
"Pigeon Pea","Earwigs","Crop-specific earwig species","Crop growth stage","1","0","0","0","1","0","Monitor earwig activity and crop feeding damage","","","Use crop-specific economic threshold","","","","Confirm earwig species and assess crop damage before treatment. Use integrated pest management, field sanitation and monitoring before considering any intervention.","earwig_management","","","","","Earwigs may cause feeding damage such as holes or chewing injury; confirm the pest and assess crop damage before intervention.","IPM guidance","AgroGuard advisory dataset - crop-specific validation required",""
"Other","Earwigs","Crop-specific earwig species","Crop growth stage","1","0","0","0","1","0","Monitor earwig activity and crop feeding damage","","","Use crop-specific economic threshold","","","","Confirm earwig species and assess crop damage before treatment. Use integrated pest management, field sanitation and monitoring before considering any intervention.","earwig_management","","","","","Earwigs may cause feeding damage such as holes or chewing injury; confirm the pest and assess crop damage before intervention.","IPM guidance","AgroGuard advisory dataset - crop-specific validation required",""
"Cotton","Slugs","Crop-specific slug species","Crop growth stage","1","0","0","0","1","0","Monitor slug activity and feeding damage, especially under moist conditions","","","Use crop-specific economic threshold","","","","Confirm slug damage before treatment. Use integrated pest management, field sanitation, removal of hiding places and monitoring before considering any intervention.","slug_management","","","","","Slugs may cause irregular holes and chewing damage, particularly under moist conditions; confirm the pest before intervention.","IPM guidance","AgroGuard advisory dataset - crop-specific validation required",""
"Rice","Slugs","Crop-specific slug species","Crop growth stage","1","0","0","0","1","0","Monitor slug activity and feeding damage, especially under moist conditions","","","Use crop-specific economic threshold","","","","Confirm slug damage before treatment. Use integrated pest management, field sanitation, removal of hiding places and monitoring before considering any intervention.","slug_management","","","","","Slugs may cause irregular holes and chewing damage, particularly under moist conditions; confirm the pest before intervention.","IPM guidance","AgroGuard advisory dataset - crop-specific validation required",""
"Wheat","Slugs","Crop-specific slug species","Crop growth stage","1","0","0","0","1","0","Monitor slug activity and feeding damage, especially under moist conditions","","","Use crop-specific economic threshold","","","","Confirm slug damage before treatment. Use integrated pest management, field sanitation, removal of hiding places and monitoring before considering any intervention.","slug_management","","","","","Slugs may cause irregular holes and chewing damage, particularly under moist conditions; confirm the pest before intervention.","IPM guidance","AgroGuard advisory dataset - crop-specific validation required",""
"Maize","Slugs","Crop-specific slug species","Crop growth stage","1","0","0","0","1","0","Monitor slug activity and feeding damage, especially under moist conditions","","","Use crop-specific economic threshold","","","","Confirm slug damage before treatment. Use integrated pest management, field sanitation, removal of hiding places and monitoring before considering any intervention.","slug_management","","","","","Slugs may cause irregular holes and chewing damage, particularly under moist conditions; confirm the pest before intervention.","IPM guidance","AgroGuard advisory dataset - crop-specific validation required",""
"Soybean","Slugs","Crop-specific slug species","Crop growth stage","1","0","0","0","1","0","Monitor slug activity and feeding damage, especially under moist conditions","","","Use crop-specific economic threshold","","","","Confirm slug damage before treatment. Use integrated pest management, field sanitation, removal of hiding places and monitoring before considering any intervention.","slug_management","","","","","Slugs may cause irregular holes and chewing damage, particularly under moist conditions; confirm the pest before intervention.","IPM guidance","AgroGuard advisory dataset - crop-specific validation required",""
"Sugarcane","Slugs","Crop-specific slug species","Crop growth stage","1","0","0","0","1","0","Monitor slug activity and feeding damage, especially under moist conditions","","","Use crop-specific economic threshold","","","","Confirm slug damage before treatment. Use integrated pest management, field sanitation, removal of hiding places and monitoring before considering any intervention.","slug_management","","","","","Slugs may cause irregular holes and chewing damage, particularly under moist conditions; confirm the pest before intervention.","IPM guidance","AgroGuard advisory dataset - crop-specific validation required",""
"Tomato","Slugs","Crop-specific slug species","Crop growth stage","1","0","0","0","1","0","Monitor slug activity and feeding damage, especially under moist conditions","","","Use crop-specific economic threshold","","","","Confirm slug damage before treatment. Use integrated pest management, field sanitation, removal of hiding places and monitoring before considering any intervention.","slug_management","","","","","Slugs may cause irregular holes and chewing damage, particularly under moist conditions; confirm the pest before intervention.","IPM guidance","AgroGuard advisory dataset - crop-specific validation required",""
"Potato","Slugs","Crop-specific slug species","Crop growth stage","1","0","0","0","1","0","Monitor slug activity and feeding damage, especially under moist conditions","","","Use crop-specific economic threshold","","","","Confirm slug damage before treatment. Use integrated pest management, field sanitation, removal of hiding places and monitoring before considering any intervention.","slug_management","","","","","Slugs may cause irregular holes and chewing damage, particularly under moist conditions; confirm the pest before intervention.","IPM guidance","AgroGuard advisory dataset - crop-specific validation required",""
"Groundnut","Slugs","Crop-specific slug species","Crop growth stage","1","0","0","0","1","0","Monitor slug activity and feeding damage, especially under moist conditions","","","Use crop-specific economic threshold","","","","Confirm slug damage before treatment. Use integrated pest management, field sanitation, removal of hiding places and monitoring before considering any intervention.","slug_management","","","","","Slugs may cause irregular holes and chewing damage, particularly under moist conditions; confirm the pest before intervention.","IPM guidance","AgroGuard advisory dataset - crop-specific validation required",""
"Chickpea","Slugs","Crop-specific slug species","Crop growth stage","1","0","0","0","1","0","Monitor slug activity and feeding damage, especially under moist conditions","","","Use crop-specific economic threshold","","","","Confirm slug damage before treatment. Use integrated pest management, field sanitation, removal of hiding places and monitoring before considering any intervention.","slug_management","","","","","Slugs may cause irregular holes and chewing damage, particularly under moist conditions; confirm the pest before intervention.","IPM guidance","AgroGuard advisory dataset - crop-specific validation required",""
"Pigeon Pea","Slugs","Crop-specific slug species","Crop growth stage","1","0","0","0","1","0","Monitor slug activity and feeding damage, especially under moist conditions","","","Use crop-specific economic threshold","","","","Confirm slug damage before treatment. Use integrated pest management, field sanitation, removal of hiding places and monitoring before considering any intervention.","slug_management","","","","","Slugs may cause irregular holes and chewing damage, particularly under moist conditions; confirm the pest before intervention.","IPM guidance","AgroGuard advisory dataset - crop-specific validation required",""
"Other","Slugs","Crop-specific slug species","Crop growth stage","1","0","0","0","1","0","Monitor slug activity and feeding damage, especially under moist conditions","","","Use crop-specific economic threshold","","","","Confirm slug damage before treatment. Use integrated pest management, field sanitation, removal of hiding places and monitoring before considering any intervention.","slug_management","","","","","Slugs may cause irregular holes and chewing damage, particularly under moist conditions; confirm the pest before intervention.","IPM guidance","AgroGuard advisory dataset - crop-specific validation required",""
"Cotton","Snails","Crop-specific snail species","Crop growth stage","1","0","0","0","1","0","Monitor snail activity and feeding damage, especially under moist conditions","","","Use crop-specific economic threshold","","","","Confirm snail damage before treatment. Use integrated pest management, field sanitation and monitoring before considering any intervention.","snail_management","","","","","Snails may cause irregular holes and chewing damage, particularly under moist conditions; confirm the pest before intervention.","IPM guidance","AgroGuard advisory dataset - crop-specific validation required",""
"Rice","Snails","Crop-specific snail species","Crop growth stage","1","0","0","0","1","0","Monitor snail activity and feeding damage, especially under moist conditions","","","Use crop-specific economic threshold","","","","Confirm snail damage before treatment. Use integrated pest management, field sanitation and monitoring before considering any intervention.","snail_management","","","","","Snails may cause irregular holes and chewing damage, particularly under moist conditions; confirm the pest before intervention.","IPM guidance","AgroGuard advisory dataset - crop-specific validation required",""
"Wheat","Snails","Crop-specific snail species","Crop growth stage","1","0","0","0","1","0","Monitor snail activity and feeding damage, especially under moist conditions","","","Use crop-specific economic threshold","","","","Confirm snail damage before treatment. Use integrated pest management, field sanitation and monitoring before considering any intervention.","snail_management","","","","","Snails may cause irregular holes and chewing damage, particularly under moist conditions; confirm the pest before intervention.","IPM guidance","AgroGuard advisory dataset - crop-specific validation required",""
"Maize","Snails","Crop-specific snail species","Crop growth stage","1","0","0","0","1","0","Monitor snail activity and feeding damage, especially under moist conditions","","","Use crop-specific economic threshold","","","","Confirm snail damage before treatment. Use integrated pest management, field sanitation and monitoring before considering any intervention.","snail_management","","","","","Snails may cause irregular holes and chewing damage, particularly under moist conditions; confirm the pest before intervention.","IPM guidance","AgroGuard advisory dataset - crop-specific validation required",""
"Soybean","Snails","Crop-specific snail species","Crop growth stage","1","0","0","0","1","0","Monitor snail activity and feeding damage, especially under moist conditions","","","Use crop-specific economic threshold","","","","Confirm snail damage before treatment. Use integrated pest management, field sanitation and monitoring before considering any intervention.","snail_management","","","","","Snails may cause irregular holes and chewing damage, particularly under moist conditions; confirm the pest before intervention.","IPM guidance","AgroGuard advisory dataset - crop-specific validation required",""
"Sugarcane","Snails","Crop-specific snail species","Crop growth stage","1","0","0","0","1","0","Monitor snail activity and feeding damage, especially under moist conditions","","","Use crop-specific economic threshold","","","","Confirm snail damage before treatment. Use integrated pest management, field sanitation and monitoring before considering any intervention.","snail_management","","","","","Snails may cause irregular holes and chewing damage, particularly under moist conditions; confirm the pest before intervention.","IPM guidance","AgroGuard advisory dataset - crop-specific validation required",""
"Tomato","Snails","Crop-specific snail species","Crop growth stage","1","0","0","0","1","0","Monitor snail activity and feeding damage, especially under moist conditions","","","Use crop-specific economic threshold","","","","Confirm snail damage before treatment. Use integrated pest management, field sanitation and monitoring before considering any intervention.","snail_management","","","","","Snails may cause irregular holes and chewing damage, particularly under moist conditions; confirm the pest before intervention.","IPM guidance","AgroGuard advisory dataset - crop-specific validation required",""
"Potato","Snails","Crop-specific snail species","Crop growth stage","1","0","0","0","1","0","Monitor snail activity and feeding damage, especially under moist conditions","","","Use crop-specific economic threshold","","","","Confirm snail damage before treatment. Use integrated pest management, field sanitation and monitoring before considering any intervention.","snail_management","","","","","Snails may cause irregular holes and chewing damage, particularly under moist conditions; confirm the pest before intervention.","IPM guidance","AgroGuard advisory dataset - crop-specific validation required",""
"Groundnut","Snails","Crop-specific snail species","Crop growth stage","1","0","0","0","1","0","Monitor snail activity and feeding damage, especially under moist conditions","","","Use crop-specific economic threshold","","","","Confirm snail damage before treatment. Use integrated pest management, field sanitation and monitoring before considering any intervention.","snail_management","","","","","Snails may cause irregular holes and chewing damage, particularly under moist conditions; confirm the pest before intervention.","IPM guidance","AgroGuard advisory dataset - crop-specific validation required",""
"Chickpea","Snails","Crop-specific snail species","Crop growth stage","1","0","0","0","1","0","Monitor snail activity and feeding damage, especially under moist conditions","","","Use crop-specific economic threshold","","","","Confirm snail damage before treatment. Use integrated pest management, field sanitation and monitoring before considering any intervention.","snail_management","","","","","Snails may cause irregular holes and chewing damage, particularly under moist conditions; confirm the pest before intervention.","IPM guidance","AgroGuard advisory dataset - crop-specific validation required",""
"Pigeon Pea","Snails","Crop-specific snail species","Crop growth stage","1","0","0","0","1","0","Monitor snail activity and feeding damage, especially under moist conditions","","","Use crop-specific economic threshold","","","","Confirm snail damage before treatment. Use integrated pest management, field sanitation and monitoring before considering any intervention.","snail_management","","","","","Snails may cause irregular holes and chewing damage, particularly under moist conditions; confirm the pest before intervention.","IPM guidance","AgroGuard advisory dataset - crop-specific validation required",""
"Other","Snails","Crop-specific snail species","Crop growth stage","1","0","0","0","1","0","Monitor snail activity and feeding damage, especially under moist conditions","","","Use crop-specific economic threshold","","","","Confirm snail damage before treatment. Use integrated pest management, field sanitation and monitoring before considering any intervention.","snail_management","","","","","Snails may cause irregular holes and chewing damage, particularly under moist conditions; confirm the pest before intervention.","IPM guidance","AgroGuard advisory dataset - crop-specific validation required",""
"Cotton","Wasps","Beneficial or crop-associated wasp species","All crop growth stages","0","0","0","0","0","0","Monitor wasp activity and inspect the crop for actual damage","","","Not applicable without confirmed pest identification","","","","Do not treat wasps solely because they are detected. Many wasps are beneficial predators or parasitoids. Confirm species and actual crop damage before intervention and protect beneficial insects.","beneficial_insect_protection","","","","","Wasp presence alone is not evidence of a crop pest infestation; many wasps provide natural biological control.","Beneficial insect protection","AgroGuard advisory dataset - beneficial insect protection",""
"Rice","Wasps","Beneficial or crop-associated wasp species","All crop growth stages","0","0","0","0","0","0","Monitor wasp activity and inspect the crop for actual damage","","","Not applicable without confirmed pest identification","","","","Do not treat wasps solely because they are detected. Many wasps are beneficial predators or parasitoids. Confirm species and actual crop damage before intervention and protect beneficial insects.","beneficial_insect_protection","","","","","Wasp presence alone is not evidence of a crop pest infestation; many wasps provide natural biological control.","Beneficial insect protection","AgroGuard advisory dataset - beneficial insect protection",""
"Wheat","Wasps","Beneficial or crop-associated wasp species","All crop growth stages","0","0","0","0","0","0","Monitor wasp activity and inspect the crop for actual damage","","","Not applicable without confirmed pest identification","","","","Do not treat wasps solely because they are detected. Many wasps are beneficial predators or parasitoids. Confirm species and actual crop damage before intervention and protect beneficial insects.","beneficial_insect_protection","","","","","Wasp presence alone is not evidence of a crop pest infestation; many wasps provide natural biological control.","Beneficial insect protection","AgroGuard advisory dataset - beneficial insect protection",""
"Maize","Wasps","Beneficial or crop-associated wasp species","All crop growth stages","0","0","0","0","0","0","Monitor wasp activity and inspect the crop for actual damage","","","Not applicable without confirmed pest identification","","","","Do not treat wasps solely because they are detected. Many wasps are beneficial predators or parasitoids. Confirm species and actual crop damage before intervention and protect beneficial insects.","beneficial_insect_protection","","","","","Wasp presence alone is not evidence of a crop pest infestation; many wasps provide natural biological control.","Beneficial insect protection","AgroGuard advisory dataset - beneficial insect protection",""
"Soybean","Wasps","Beneficial or crop-associated wasp species","All crop growth stages","0","0","0","0","0","0","Monitor wasp activity and inspect the crop for actual damage","","","Not applicable without confirmed pest identification","","","","Do not treat wasps solely because they are detected. Many wasps are beneficial predators or parasitoids. Confirm species and actual crop damage before intervention and protect beneficial insects.","beneficial_insect_protection","","","","","Wasp presence alone is not evidence of a crop pest infestation; many wasps provide natural biological control.","Beneficial insect protection","AgroGuard advisory dataset - beneficial insect protection",""
"Sugarcane","Wasps","Beneficial or crop-associated wasp species","All crop growth stages","0","0","0","0","0","0","Monitor wasp activity and inspect the crop for actual damage","","","Not applicable without confirmed pest identification","","","","Do not treat wasps solely because they are detected. Many wasps are beneficial predators or parasitoids. Confirm species and actual crop damage before intervention and protect beneficial insects.","beneficial_insect_protection","","","","","Wasp presence alone is not evidence of a crop pest infestation; many wasps provide natural biological control.","Beneficial insect protection","AgroGuard advisory dataset - beneficial insect protection",""
"Tomato","Wasps","Beneficial or crop-associated wasp species","All crop growth stages","0","0","0","0","0","0","Monitor wasp activity and inspect the crop for actual damage","","","Not applicable without confirmed pest identification","","","","Do not treat wasps solely because they are detected. Many wasps are beneficial predators or parasitoids. Confirm species and actual crop damage before intervention and protect beneficial insects.","beneficial_insect_protection","","","","","Wasp presence alone is not evidence of a crop pest infestation; many wasps provide natural biological control.","Beneficial insect protection","AgroGuard advisory dataset - beneficial insect protection",""
"Potato","Wasps","Beneficial or crop-associated wasp species","All crop growth stages","0","0","0","0","0","0","Monitor wasp activity and inspect the crop for actual damage","","","Not applicable without confirmed pest identification","","","","Do not treat wasps solely because they are detected. Many wasps are beneficial predators or parasitoids. Confirm species and actual crop damage before intervention and protect beneficial insects.","beneficial_insect_protection","","","","","Wasp presence alone is not evidence of a crop pest infestation; many wasps provide natural biological control.","Beneficial insect protection","AgroGuard advisory dataset - beneficial insect protection",""
"Groundnut","Wasps","Beneficial or crop-associated wasp species","All crop growth stages","0","0","0","0","0","0","Monitor wasp activity and inspect the crop for actual damage","","","Not applicable without confirmed pest identification","","","","Do not treat wasps solely because they are detected. Many wasps are beneficial predators or parasitoids. Confirm species and actual crop damage before intervention and protect beneficial insects.","beneficial_insect_protection","","","","","Wasp presence alone is not evidence of a crop pest infestation; many wasps provide natural biological control.","Beneficial insect protection","AgroGuard advisory dataset - beneficial insect protection",""
"Chickpea","Wasps","Beneficial or crop-associated wasp species","All crop growth stages","0","0","0","0","0","0","Monitor wasp activity and inspect the crop for actual damage","","","Not applicable without confirmed pest identification","","","","Do not treat wasps solely because they are detected. Many wasps are beneficial predators or parasitoids. Confirm species and actual crop damage before intervention and protect beneficial insects.","beneficial_insect_protection","","","","","Wasp presence alone is not evidence of a crop pest infestation; many wasps provide natural biological control.","Beneficial insect protection","AgroGuard advisory dataset - beneficial insect protection",""
"Pigeon Pea","Wasps","Beneficial or crop-associated wasp species","All crop growth stages","0","0","0","0","0","0","Monitor wasp activity and inspect the crop for actual damage","","","Not applicable without confirmed pest identification","","","","Do not treat wasps solely because they are detected. Many wasps are beneficial predators or parasitoids. Confirm species and actual crop damage before intervention and protect beneficial insects.","beneficial_insect_protection","","","","","Wasp presence alone is not evidence of a crop pest infestation; many wasps provide natural biological control.","Beneficial insect protection","AgroGuard advisory dataset - beneficial insect protection",""
"Other","Wasps","Beneficial or crop-associated wasp species","All crop growth stages","0","0","0","0","0","0","Monitor wasp activity and inspect the crop for actual damage","","","Not applicable without confirmed pest identification","","","","Do not treat wasps solely because they are detected. Many wasps are beneficial predators or parasitoids. Confirm species and actual crop damage before intervention and protect beneficial insects.","beneficial_insect_protection","","","","","Wasp presence alone is not evidence of a crop pest infestation; many wasps provide natural biological control.","Beneficial insect protection","AgroGuard advisory dataset - beneficial insect protection",""
"Wheat","Caterpillars","Crop-specific caterpillar species","Crop growth stage","1","0","0","0","1","0","Monitor larval activity and crop feeding damage","","","Use crop-specific economic threshold","","","","Confirm caterpillar species and assess crop damage before treatment. Use integrated pest management and only apply a validated crop-specific control when the economic threshold is reached.","caterpillar_management","","","","","Caterpillars may cause leaf feeding, holes or defoliation; identify the species and assess crop damage before intervention.","IPM guidance","AgroGuard advisory dataset - crop-specific validation required",""
"Maize","Caterpillars","Crop-specific caterpillar species","Crop growth stage","1","0","0","0","1","0","Monitor larval activity and crop feeding damage","","","Use crop-specific economic threshold","","","","Confirm caterpillar species and assess crop damage before treatment. Use integrated pest management and only apply a validated crop-specific control when the economic threshold is reached.","caterpillar_management","","","","","Caterpillars may cause leaf feeding, holes or defoliation; identify the species and assess crop damage before intervention.","IPM guidance","AgroGuard advisory dataset - crop-specific validation required",""
"Sugarcane","Caterpillars","Crop-specific caterpillar species","Crop growth stage","1","0","0","0","1","0","Monitor larval activity and crop feeding damage","","","Use crop-specific economic threshold","","","","Confirm caterpillar species and assess crop damage before treatment. Use integrated pest management and only apply a validated crop-specific control when the economic threshold is reached.","caterpillar_management","","","","","Caterpillars may cause leaf feeding, holes or defoliation; identify the species and assess crop damage before intervention.","IPM guidance","AgroGuard advisory dataset - crop-specific validation required",""
"Potato","Caterpillars","Crop-specific caterpillar species","Crop growth stage","1","0","0","0","1","0","Monitor larval activity and crop feeding damage","","","Use crop-specific economic threshold","","","","Confirm caterpillar species and assess crop damage before treatment. Use integrated pest management and only apply a validated crop-specific control when the economic threshold is reached.","caterpillar_management","","","","","Caterpillars may cause leaf feeding, holes or defoliation; identify the species and assess crop damage before intervention.","IPM guidance","AgroGuard advisory dataset - crop-specific validation required",""
"Other","Caterpillars","Crop-specific caterpillar species","Crop growth stage","1","0","0","0","1","0","Monitor larval activity and crop feeding damage","","","Use crop-specific economic threshold","","","","Confirm caterpillar species and assess crop damage before treatment. Use integrated pest management and only apply a validated crop-specific control when the economic threshold is reached.","caterpillar_management","","","","","Caterpillars may cause leaf feeding, holes or defoliation; identify the species and assess crop damage before intervention.","IPM guidance","AgroGuard advisory dataset - crop-specific validation required",""
